fixed_acidity,volatile_acidity,citric_acid,residual_sugar,chlorides,free_sulfur_dioxide,total_sulfur_dioxide,density,pH,sulphates,alcohol,quality
7.4,0.7,0,1.9,0.076,11,34,0.9978,3.51,0.56,9.4,5
7.8,0.88,0,2.6,0.098,25,67,0.9968,3.2,0.68,9.8,5
7.8,0.76,0.04,2.3,0.092,15,54,0.997,3.26,0.65,9.8,5
11.2,0.28,0.56,1.9,0.075,17,60,0.998,3.16,0.58,9.8,6
7.4,0.7,0,1.9,0.076,11,34,0.9978,3.51,0.56,9.4,5
7.4,0.66,0,1.8,0.075,13,40,0.9978,3.51,0.56,9.4,5
7.9,0.6,0.06,1.6,0.069,15,59,0.9964,3.3,0.46,9.4,5
7.3,0.65,0,1.2,0.065,15,21,0.9946,3.39,0.47,10,7
7.8,0.58,0.02,2,0.073,9,18,0.9968,3.36,0.57,9.5,7
7.5,0.5,0.36,6.1,0.071,17,102,0.9978,3.35,0.8,10.5,5
6.7,0.58,0.08,1.8,0.097,15,65,0.9959,3.28,0.54,9.2,5
7.5,0.5,0.36,6.1,0.071,17,102,0.9978,3.35,0.8,10.5,5
5.6,0.615,0,1.6,0.089,16,59,0.9943,3.58,0.52,9.9,5
7.8,0.61,0.29,1.6,0.114,9,29,0.9974,3.26,1.56,9.1,5
8.9,0.62,0.18,3.8,0.176,52,145,0.9986,3.16,0.88,9.2,5
8.9,0.62,0.19,3.9,0.17,51,148,0.9986,3.17,0.93,9.2,5
8.5,0.28,0.56,1.8,0.092,35,103,0.9969,3.3,0.75,10.5,7
8.1,0.56,0.28,1.7,0.368,16,56,0.9968,3.11,1.28,9.3,5
7.4,0.59,0.08,4.4,0.086,6,29,0.9974,3.38,0.5,9,4
7.9,0.32,0.51,1.8,0.341,17,56,0.9969,3.04,1.08,9.2,6
8.9,0.22,0.48,1.8,0.077,29,60,0.9968,3.39,0.53,9.4,6
7.6,0.39,0.31,2.3,0.082,23,71,0.9982,3.52,0.65,9.7,5
7.9,0.43,0.21,1.6,0.106,10,37,0.9966,3.17,0.91,9.5,5
8.5,0.49,0.11,2.3,0.084,9,67,0.9968,3.17,0.53,9.4,5
6.9,0.4,0.14,2.4,0.085,21,40,0.9968,3.43,0.63,9.7,6
6.3,0.39,0.16,1.4,0.08,11,23,0.9955,3.34,0.56,9.3,5
7.6,0.41,0.24,1.8,0.08,4,11,0.9962,3.28,0.59,9.5,5
7.9,0.43,0.21,1.6,0.106,10,37,0.9966,3.17,0.91,9.5,5
7.1,0.71,0,1.9,0.08,14,35,0.9972,3.47,0.55,9.4,5
7.8,0.645,0,2,0.082,8,16,0.9964,3.38,0.59,9.8,6
6.7,0.675,0.07,2.4,0.089,17,82,0.9958,3.35,0.54,10.1,5
6.9,0.685,0,2.5,0.105,22,37,0.9966,3.46,0.57,10.6,6
8.3,0.655,0.12,2.3,0.083,15,113,0.9966,3.17,0.66,9.8,5
6.9,0.605,0.12,10.7,0.073,40,83,0.9993,3.45,0.52,9.4,6
5.2,0.32,0.25,1.8,0.103,13,50,0.9957,3.38,0.55,9.2,5
7.8,0.645,0,5.5,0.086,5,18,0.9986,3.4,0.55,9.6,6
7.8,0.6,0.14,2.4,0.086,3,15,0.9975,3.42,0.6,10.8,6
8.1,0.38,0.28,2.1,0.066,13,30,0.9968,3.23,0.73,9.7,7
5.7,1.13,0.09,1.5,0.172,7,19,0.994,3.5,0.48,9.8,4
7.3,0.45,0.36,5.9,0.074,12,87,0.9978,3.33,0.83,10.5,5
7.3,0.45,0.36,5.9,0.074,12,87,0.9978,3.33,0.83,10.5,5
8.8,0.61,0.3,2.8,0.088,17,46,0.9976,3.26,0.51,9.3,4
7.5,0.49,0.2,2.6,0.332,8,14,0.9968,3.21,0.9,10.5,6
8.1,0.66,0.22,2.2,0.069,9,23,0.9968,3.3,1.2,10.3,5
6.8,0.67,0.02,1.8,0.05,5,11,0.9962,3.48,0.52,9.5,5
4.6,0.52,0.15,2.1,0.054,8,65,0.9934,3.9,0.56,13.1,4
7.7,0.935,0.43,2.2,0.114,22,114,0.997,3.25,0.73,9.2,5
8.7,0.29,0.52,1.6,0.113,12,37,0.9969,3.25,0.58,9.5,5
6.4,0.4,0.23,1.6,0.066,5,12,0.9958,3.34,0.56,9.2,5
5.6,0.31,0.37,1.4,0.074,12,96,0.9954,3.32,0.58,9.2,5
8.8,0.66,0.26,1.7,0.074,4,23,0.9971,3.15,0.74,9.2,5
6.6,0.52,0.04,2.2,0.069,8,15,0.9956,3.4,0.63,9.4,6
6.6,0.5,0.04,2.1,0.068,6,14,0.9955,3.39,0.64,9.4,6
8.6,0.38,0.36,3,0.081,30,119,0.997,3.2,0.56,9.4,5
7.6,0.51,0.15,2.8,0.11,33,73,0.9955,3.17,0.63,10.2,6
7.7,0.62,0.04,3.8,0.084,25,45,0.9978,3.34,0.53,9.5,5
10.2,0.42,0.57,3.4,0.07,4,10,0.9971,3.04,0.63,9.6,5
7.5,0.63,0.12,5.1,0.111,50,110,0.9983,3.26,0.77,9.4,5
7.8,0.59,0.18,2.3,0.076,17,54,0.9975,3.43,0.59,10,5
7.3,0.39,0.31,2.4,0.074,9,46,0.9962,3.41,0.54,9.4,6
8.8,0.4,0.4,2.2,0.079,19,52,0.998,3.44,0.64,9.2,5
7.7,0.69,0.49,1.8,0.115,20,112,0.9968,3.21,0.71,9.3,5
7.5,0.52,0.16,1.9,0.085,12,35,0.9968,3.38,0.62,9.5,7
7,0.735,0.05,2,0.081,13,54,0.9966,3.39,0.57,9.8,5
7.2,0.725,0.05,4.65,0.086,4,11,0.9962,3.41,0.39,10.9,5
7.2,0.725,0.05,4.65,0.086,4,11,0.9962,3.41,0.39,10.9,5
7.5,0.52,0.11,1.5,0.079,11,39,0.9968,3.42,0.58,9.6,5
6.6,0.705,0.07,1.6,0.076,6,15,0.9962,3.44,0.58,10.7,5
9.3,0.32,0.57,2,0.074,27,65,0.9969,3.28,0.79,10.7,5
8,0.705,0.05,1.9,0.074,8,19,0.9962,3.34,0.95,10.5,6
7.7,0.63,0.08,1.9,0.076,15,27,0.9967,3.32,0.54,9.5,6
7.7,0.67,0.23,2.1,0.088,17,96,0.9962,3.32,0.48,9.5,5
7.7,0.69,0.22,1.9,0.084,18,94,0.9961,3.31,0.48,9.5,5
8.3,0.675,0.26,2.1,0.084,11,43,0.9976,3.31,0.53,9.2,4
9.7,0.32,0.54,2.5,0.094,28,83,0.9984,3.28,0.82,9.6,5
8.8,0.41,0.64,2.2,0.093,9,42,0.9986,3.54,0.66,10.5,5
8.8,0.41,0.64,2.2,0.093,9,42,0.9986,3.54,0.66,10.5,5
6.8,0.785,0,2.4,0.104,14,30,0.9966,3.52,0.55,10.7,6
6.7,0.75,0.12,2,0.086,12,80,0.9958,3.38,0.52,10.1,5
8.3,0.625,0.2,1.5,0.08,27,119,0.9972,3.16,1.12,9.1,4
6.2,0.45,0.2,1.6,0.069,3,15,0.9958,3.41,0.56,9.2,5
7.8,0.43,0.7,1.9,0.464,22,67,0.9974,3.13,1.28,9.4,5
7.4,0.5,0.47,2,0.086,21,73,0.997,3.36,0.57,9.1,5
7.3,0.67,0.26,1.8,0.401,16,51,0.9969,3.16,1.14,9.4,5
6.3,0.3,0.48,1.8,0.069,18,61,0.9959,3.44,0.78,10.3,6
6.9,0.55,0.15,2.2,0.076,19,40,0.9961,3.41,0.59,10.1,5
8.6,0.49,0.28,1.9,0.11,20,136,0.9972,2.93,1.95,9.9,6
7.7,0.49,0.26,1.9,0.062,9,31,0.9966,3.39,0.64,9.6,5
9.3,0.39,0.44,2.1,0.107,34,125,0.9978,3.14,1.22,9.5,5
7,0.62,0.08,1.8,0.076,8,24,0.9978,3.48,0.53,9,5
7.9,0.52,0.26,1.9,0.079,42,140,0.9964,3.23,0.54,9.5,5
8.6,0.49,0.28,1.9,0.11,20,136,0.9972,2.93,1.95,9.9,6
8.6,0.49,0.29,2,0.11,19,133,0.9972,2.93,1.98,9.8,5
7.7,0.49,0.26,1.9,0.062,9,31,0.9966,3.39,0.64,9.6,5
5,1.02,0.04,1.4,0.045,41,85,0.9938,3.75,0.48,10.5,4
4.7,0.6,0.17,2.3,0.058,17,106,0.9932,3.85,0.6,12.9,6
6.8,0.775,0,3,0.102,8,23,0.9965,3.45,0.56,10.7,5
7,0.5,0.25,2,0.07,3,22,0.9963,3.25,0.63,9.2,5
7.6,0.9,0.06,2.5,0.079,5,10,0.9967,3.39,0.56,9.8,5
8.1,0.545,0.18,1.9,0.08,13,35,0.9972,3.3,0.59,9,6
8.3,0.61,0.3,2.1,0.084,11,50,0.9972,3.4,0.61,10.2,6
7.8,0.5,0.3,1.9,0.075,8,22,0.9959,3.31,0.56,10.4,6
8.1,0.545,0.18,1.9,0.08,13,35,0.9972,3.3,0.59,9,6
8.1,0.575,0.22,2.1,0.077,12,65,0.9967,3.29,0.51,9.2,5
7.2,0.49,0.24,2.2,0.07,5,36,0.996,3.33,0.48,9.4,5
8.1,0.575,0.22,2.1,0.077,12,65,0.9967,3.29,0.51,9.2,5
7.8,0.41,0.68,1.7,0.467,18,69,0.9973,3.08,1.31,9.3,5
6.2,0.63,0.31,1.7,0.088,15,64,0.9969,3.46,0.79,9.3,5
8,0.33,0.53,2.5,0.091,18,80,0.9976,3.37,0.8,9.6,6
8.1,0.785,0.52,2,0.122,37,153,0.9969,3.21,0.69,9.3,5
7.8,0.56,0.19,1.8,0.104,12,47,0.9964,3.19,0.93,9.5,5
8.4,0.62,0.09,2.2,0.084,11,108,0.9964,3.15,0.66,9.8,5
8.4,0.6,0.1,2.2,0.085,14,111,0.9964,3.15,0.66,9.8,5
10.1,0.31,0.44,2.3,0.08,22,46,0.9988,3.32,0.67,9.7,6
7.8,0.56,0.19,1.8,0.104,12,47,0.9964,3.19,0.93,9.5,5
9.4,0.4,0.31,2.2,0.09,13,62,0.9966,3.07,0.63,10.5,6
8.3,0.54,0.28,1.9,0.077,11,40,0.9978,3.39,0.61,10,6
7.8,0.56,0.12,2,0.082,7,28,0.997,3.37,0.5,9.4,6
8.8,0.55,0.04,2.2,0.119,14,56,0.9962,3.21,0.6,10.9,6
7,0.69,0.08,1.8,0.097,22,89,0.9959,3.34,0.54,9.2,6
7.3,1.07,0.09,1.7,0.178,10,89,0.9962,3.3,0.57,9,5
8.8,0.55,0.04,2.2,0.119,14,56,0.9962,3.21,0.6,10.9,6
7.3,0.695,0,2.5,0.075,3,13,0.998,3.49,0.52,9.2,5
8,0.71,0,2.6,0.08,11,34,0.9976,3.44,0.53,9.5,5
7.8,0.5,0.17,1.6,0.082,21,102,0.996,3.39,0.48,9.5,5
9,0.62,0.04,1.9,0.146,27,90,0.9984,3.16,0.7,9.4,5
8.2,1.33,0,1.7,0.081,3,12,0.9964,3.53,0.49,10.9,5
8.1,1.33,0,1.8,0.082,3,12,0.9964,3.54,0.48,10.9,5
8,0.59,0.16,1.8,0.065,3,16,0.9962,3.42,0.92,10.5,7
6.1,0.38,0.15,1.8,0.072,6,19,0.9955,3.42,0.57,9.4,5
8,0.745,0.56,2,0.118,30,134,0.9968,3.24,0.66,9.4,5
5.6,0.5,0.09,2.3,0.049,17,99,0.9937,3.63,0.63,13,5
5.6,0.5,0.09,2.3,0.049,17,99,0.9937,3.63,0.63,13,5
6.6,0.5,0.01,1.5,0.06,17,26,0.9952,3.4,0.58,9.8,6
7.9,1.04,0.05,2.2,0.084,13,29,0.9959,3.22,0.55,9.9,6
8.4,0.745,0.11,1.9,0.09,16,63,0.9965,3.19,0.82,9.6,5
8.3,0.715,0.15,1.8,0.089,10,52,0.9968,3.23,0.77,9.5,5
7.2,0.415,0.36,2,0.081,13,45,0.9972,3.48,0.64,9.2,5
7.8,0.56,0.19,2.1,0.081,15,105,0.9962,3.33,0.54,9.5,5
7.8,0.56,0.19,2,0.081,17,108,0.9962,3.32,0.54,9.5,5
8.4,0.745,0.11,1.9,0.09,16,63,0.9965,3.19,0.82,9.6,5
8.3,0.715,0.15,1.8,0.089,10,52,0.9968,3.23,0.77,9.5,5
5.2,0.34,0,1.8,0.05,27,63,0.9916,3.68,0.79,14,6
6.3,0.39,0.08,1.7,0.066,3,20,0.9954,3.34,0.58,9.4,5
5.2,0.34,0,1.8,0.05,27,63,0.9916,3.68,0.79,14,6
8.1,0.67,0.55,1.8,0.117,32,141,0.9968,3.17,0.62,9.4,5
5.8,0.68,0.02,1.8,0.087,21,94,0.9944,3.54,0.52,10,5
7.6,0.49,0.26,1.6,0.236,10,88,0.9968,3.11,0.8,9.3,5
6.9,0.49,0.1,2.3,0.074,12,30,0.9959,3.42,0.58,10.2,6
8.2,0.4,0.44,2.8,0.089,11,43,0.9975,3.53,0.61,10.5,6
7.3,0.33,0.47,2.1,0.077,5,11,0.9958,3.33,0.53,10.3,6
9.2,0.52,1,3.4,0.61,32,69,0.9996,2.74,2,9.4,4
7.5,0.6,0.03,1.8,0.095,25,99,0.995,3.35,0.54,10.1,5
7.5,0.6,0.03,1.8,0.095,25,99,0.995,3.35,0.54,10.1,5
7.1,0.43,0.42,5.5,0.07,29,129,0.9973,3.42,0.72,10.5,5
7.1,0.43,0.42,5.5,0.071,28,128,0.9973,3.42,0.71,10.5,5
7.1,0.43,0.42,5.5,0.07,29,129,0.9973,3.42,0.72,10.5,5
7.1,0.43,0.42,5.5,0.071,28,128,0.9973,3.42,0.71,10.5,5
7.1,0.68,0,2.2,0.073,12,22,0.9969,3.48,0.5,9.3,5
6.8,0.6,0.18,1.9,0.079,18,86,0.9968,3.59,0.57,9.3,6
7.6,0.95,0.03,2,0.09,7,20,0.9959,3.2,0.56,9.6,5
7.6,0.68,0.02,1.3,0.072,9,20,0.9965,3.17,1.08,9.2,4
7.8,0.53,0.04,1.7,0.076,17,31,0.9964,3.33,0.56,10,6
7.4,0.6,0.26,7.3,0.07,36,121,0.9982,3.37,0.49,9.4,5
7.3,0.59,0.26,7.2,0.07,35,121,0.9981,3.37,0.49,9.4,5
7.8,0.63,0.48,1.7,0.1,14,96,0.9961,3.19,0.62,9.5,5
6.8,0.64,0.1,2.1,0.085,18,101,0.9956,3.34,0.52,10.2,5
7.3,0.55,0.03,1.6,0.072,17,42,0.9956,3.37,0.48,9,4
6.8,0.63,0.07,2.1,0.089,11,44,0.9953,3.47,0.55,10.4,6
7.5,0.705,0.24,1.8,0.36,15,63,0.9964,3,1.59,9.5,5
7.9,0.885,0.03,1.8,0.058,4,8,0.9972,3.36,0.33,9.1,4
8,0.42,0.17,2,0.073,6,18,0.9972,3.29,0.61,9.2,6
8,0.42,0.17,2,0.073,6,18,0.9972,3.29,0.61,9.2,6
7.4,0.62,0.05,1.9,0.068,24,42,0.9961,3.42,0.57,11.5,6
7.3,0.38,0.21,2,0.08,7,35,0.9961,3.33,0.47,9.5,5
6.9,0.5,0.04,1.5,0.085,19,49,0.9958,3.35,0.78,9.5,5
7.3,0.38,0.21,2,0.08,7,35,0.9961,3.33,0.47,9.5,5
7.5,0.52,0.42,2.3,0.087,8,38,0.9972,3.58,0.61,10.5,6
7,0.805,0,2.5,0.068,7,20,0.9969,3.48,0.56,9.6,5
8.8,0.61,0.14,2.4,0.067,10,42,0.9969,3.19,0.59,9.5,5
8.8,0.61,0.14,2.4,0.067,10,42,0.9969,3.19,0.59,9.5,5
8.9,0.61,0.49,2,0.27,23,110,0.9972,3.12,1.02,9.3,5
7.2,0.73,0.02,2.5,0.076,16,42,0.9972,3.44,0.52,9.3,5
6.8,0.61,0.2,1.8,0.077,11,65,0.9971,3.54,0.58,9.3,5
6.7,0.62,0.21,1.9,0.079,8,62,0.997,3.52,0.58,9.3,6
8.9,0.31,0.57,2,0.111,26,85,0.9971,3.26,0.53,9.7,5
7.4,0.39,0.48,2,0.082,14,67,0.9972,3.34,0.55,9.2,5
7.7,0.705,0.1,2.6,0.084,9,26,0.9976,3.39,0.49,9.7,5
7.9,0.5,0.33,2,0.084,15,143,0.9968,3.2,0.55,9.5,5
7.9,0.49,0.32,1.9,0.082,17,144,0.9968,3.2,0.55,9.5,5
8.2,0.5,0.35,2.9,0.077,21,127,0.9976,3.23,0.62,9.4,5
6.4,0.37,0.25,1.9,0.074,21,49,0.9974,3.57,0.62,9.8,6
6.8,0.63,0.12,3.8,0.099,16,126,0.9969,3.28,0.61,9.5,5
7.6,0.55,0.21,2.2,0.071,7,28,0.9964,3.28,0.55,9.7,5
7.6,0.55,0.21,2.2,0.071,7,28,0.9964,3.28,0.55,9.7,5
7.8,0.59,0.33,2,0.074,24,120,0.9968,3.25,0.54,9.4,5
7.3,0.58,0.3,2.4,0.074,15,55,0.9968,3.46,0.59,10.2,5
11.5,0.3,0.6,2,0.067,12,27,0.9981,3.11,0.97,10.1,6
5.4,0.835,0.08,1.2,0.046,13,93,0.9924,3.57,0.85,13,7
6.9,1.09,0.06,2.1,0.061,12,31,0.9948,3.51,0.43,11.4,4
9.6,0.32,0.47,1.4,0.056,9,24,0.99695,3.22,0.82,10.3,7
8.8,0.37,0.48,2.1,0.097,39,145,0.9975,3.04,1.03,9.3,5
6.8,0.5,0.11,1.5,0.075,16,49,0.99545,3.36,0.79,9.5,5
7,0.42,0.35,1.6,0.088,16,39,0.9961,3.34,0.55,9.2,5
7,0.43,0.36,1.6,0.089,14,37,0.99615,3.34,0.56,9.2,6
12.8,0.3,0.74,2.6,0.095,9,28,0.9994,3.2,0.77,10.8,7
12.8,0.3,0.74,2.6,0.095,9,28,0.9994,3.2,0.77,10.8,7
7.8,0.57,0.31,1.8,0.069,26,120,0.99625,3.29,0.53,9.3,5
7.8,0.44,0.28,2.7,0.1,18,95,0.9966,3.22,0.67,9.4,5
11,0.3,0.58,2.1,0.054,7,19,0.998,3.31,0.88,10.5,7
9.7,0.53,0.6,2,0.039,5,19,0.99585,3.3,0.86,12.4,6
8,0.725,0.24,2.8,0.083,10,62,0.99685,3.35,0.56,10,6
11.6,0.44,0.64,2.1,0.059,5,15,0.998,3.21,0.67,10.2,6
8.2,0.57,0.26,2.2,0.06,28,65,0.9959,3.3,0.43,10.1,5
7.8,0.735,0.08,2.4,0.092,10,41,0.9974,3.24,0.71,9.8,6
7,0.49,0.49,5.6,0.06,26,121,0.9974,3.34,0.76,10.5,5
8.7,0.625,0.16,2,0.101,13,49,0.9962,3.14,0.57,11,5
8.1,0.725,0.22,2.2,0.072,11,41,0.9967,3.36,0.55,9.1,5
7.5,0.49,0.19,1.9,0.076,10,44,0.9957,3.39,0.54,9.7,5
7.8,0.53,0.33,2.4,0.08,24,144,0.99655,3.3,0.6,9.5,5
7.8,0.34,0.37,2,0.082,24,58,0.9964,3.34,0.59,9.4,6
7.4,0.53,0.26,2,0.101,16,72,0.9957,3.15,0.57,9.4,5
6.8,0.61,0.04,1.5,0.057,5,10,0.99525,3.42,0.6,9.5,5
8.6,0.645,0.25,2,0.083,8,28,0.99815,3.28,0.6,10,6
8.4,0.635,0.36,2,0.089,15,55,0.99745,3.31,0.57,10.4,4
7.7,0.43,0.25,2.6,0.073,29,63,0.99615,3.37,0.58,10.5,6
8.9,0.59,0.5,2,0.337,27,81,0.9964,3.04,1.61,9.5,6
9,0.82,0.14,2.6,0.089,9,23,0.9984,3.39,0.63,9.8,5
7.7,0.43,0.25,2.6,0.073,29,63,0.99615,3.37,0.58,10.5,6
6.9,0.52,0.25,2.6,0.081,10,37,0.99685,3.46,0.5,11,5
7.1,0.6,0,1.8,0.074,16,34,0.9972,3.47,0.7,9.9,6
8,0.57,0.23,3.2,0.073,17,119,0.99675,3.26,0.57,9.3,5
9.4,0.34,0.37,2.2,0.075,5,13,0.998,3.22,0.62,9.2,5
6.6,0.695,0,2.1,0.075,12,56,0.9968,3.49,0.67,9.2,5
7.7,0.41,0.76,1.8,0.611,8,45,0.9968,3.06,1.26,9.4,5
10,0.31,0.47,2.6,0.085,14,33,0.99965,3.36,0.8,10.5,7
7.9,0.33,0.23,1.7,0.077,18,45,0.99625,3.29,0.65,9.3,5
7,0.975,0.04,2,0.087,12,67,0.99565,3.35,0.6,9.4,4
8,0.52,0.03,1.7,0.07,10,35,0.99575,3.34,0.57,10,5
7.9,0.37,0.23,1.8,0.077,23,49,0.9963,3.28,0.67,9.3,5
12.5,0.56,0.49,2.4,0.064,5,27,0.9999,3.08,0.87,10.9,5
11.8,0.26,0.52,1.8,0.071,6,10,0.9968,3.2,0.72,10.2,7
8.1,0.87,0,3.3,0.096,26,61,1.00025,3.6,0.72,9.8,4
7.9,0.35,0.46,3.6,0.078,15,37,0.9973,3.35,0.86,12.8,8
6.9,0.54,0.04,3,0.077,7,27,0.9987,3.69,0.91,9.4,6
11.5,0.18,0.51,4,0.104,4,23,0.9996,3.28,0.97,10.1,6
7.9,0.545,0.06,4,0.087,27,61,0.9965,3.36,0.67,10.7,6
11.5,0.18,0.51,4,0.104,4,23,0.9996,3.28,0.97,10.1,6
5.5,0.14,0.27,4.6,0.029,22,104,0.9949,3.34,0.44,9,5
5.6,0.13,0.27,4.8,0.028,22,104,0.9948,3.34,0.45,9.2,6
7.4,0.18,0.34,2.7,0.03,30,107,0.992,2.97,0.53,11,6
5.7,0.385,0.04,12.6,0.034,22,115,0.9964,3.28,0.63,9.9,6
8.7,0.24,0.35,0.6,0.042,11,71,0.9926,3.08,0.38,10.6,5
8.3,0.33,0.43,9.2,0.046,22,126,0.9982,3.38,0.47,9.3,5
6.8,0.34,0.44,6.6,0.052,28,156,0.9955,3.14,0.41,9.6,5
6.8,0.33,0.44,7,0.05,29,155,0.9955,3.14,0.42,9.5,5
6.3,0.28,0.24,8.45,0.031,32,172,0.9958,3.39,0.57,9.7,7
11.8,0.23,0.38,11.1,0.034,15,123,0.9997,2.93,0.55,9.7,3
6.8,0.21,0.27,18.15,0.042,41,146,1.0001,3.3,0.36,8.7,5
6.8,0.21,0.27,18.15,0.042,41,146,1.0001,3.3,0.36,8.7,5
8.6,0.485,0.29,4.1,0.026,19,101,0.9918,3.01,0.38,12.4,5
8.6,0.485,0.29,4.1,0.026,19,101,0.9918,3.01,0.38,12.4,5
7.3,0.29,0.29,4.6,0.029,27,155,0.9931,3.07,0.26,10.6,6
6.8,0.21,0.27,18.15,0.042,41,146,1.0001,3.3,0.36,8.7,5
6.7,0.31,0.31,4.9,0.031,20,151,0.9926,3.36,0.82,12,7
7.3,0.29,0.37,8.3,0.044,45,227,0.9966,3.12,0.47,9,5
5.7,0.46,0.46,1.4,0.04,31,169,0.9932,3.13,0.47,8.8,5
6.8,0.28,0.44,11.5,0.04,58,223,0.9969,3.22,0.56,9.5,5
6.7,0.23,0.33,1.8,0.036,23,96,0.9925,3.32,0.4,10.8,6
6.9,0.17,0.25,1.6,0.047,34,132,0.9914,3.16,0.48,11.4,5
7.6,0.18,0.36,2.4,0.049,38,123,0.996,3.6,0.46,10.3,5
6.6,0.22,0.28,4.9,0.042,51,180,0.9952,3.3,0.75,9.5,6
7.8,0.27,0.28,1.8,0.05,21,127,0.9934,3.15,0.44,9.9,5
7.7,0.28,0.29,4.3,0.051,25,142,0.9939,3.16,0.39,10.2,5
7.6,0.29,0.29,4.4,0.051,26,146,0.9939,3.16,0.39,10.2,5
5.7,0.32,0.18,1.4,0.029,26,104,0.9906,3.44,0.37,11,6
7.1,0.33,0.25,1.6,0.03,25,126,0.9901,3.22,0.34,12.1,7
7.3,0.34,0.3,1.3,0.057,25,173,0.9948,3.26,0.51,9.1,6
6.5,0.19,0.26,5.2,0.04,31,140,0.995,3.26,0.68,9.5,6
6.6,0.23,0.27,5.6,0.043,43,164,0.9953,3.27,0.76,9.5,5
6.6,0.27,0.29,5.3,0.045,57,189,0.9953,3.31,0.79,9.8,5
6.6,0.22,0.28,4.9,0.042,51,180,0.9952,3.3,0.75,9.5,6
7.6,0.18,0.36,2.4,0.049,38,123,0.996,3.6,0.46,10.3,5
6.8,0.36,0.32,1.6,0.039,10,124,0.9948,3.3,0.67,9.6,5
7,0.22,0.39,2.1,0.055,39,198,0.9951,3.52,0.54,10.2,6
5.9,0.17,0.3,1.4,0.042,25,119,0.9931,3.68,0.72,10.5,6
7.4,0.45,0.32,7.1,0.044,17,117,0.9962,3.32,0.41,10.4,4
6.8,0.36,0.32,1.6,0.039,10,124,0.9948,3.3,0.67,9.6,5
7.5,0.42,0.14,10.7,0.046,18,95,0.9959,3.22,0.33,10.7,5
7.5,0.33,0.32,11.1,0.036,25,119,0.9962,3.15,0.34,10.5,6
9.4,0.3,0.32,10.7,0.029,14,111,0.9958,2.85,0.42,10.6,5
7.9,0.17,0.32,1.6,0.053,47,150,0.9948,3.29,0.76,9.6,6
7.9,0.17,0.32,1.6,0.053,47,150,0.9948,3.29,0.76,9.6,6
8.2,0.17,0.32,1.5,0.05,17,101,0.994,3.14,0.58,9.5,5
8.3,0.17,0.31,1.5,0.049,48,153,0.9942,3.12,0.58,9.4,6
8.7,0.15,0.3,1.6,0.046,29,130,0.9942,3.22,0.38,9.8,6
7.9,0.17,0.32,1.6,0.053,47,150,0.9948,3.29,0.76,9.6,6
7.2,0.25,0.19,8,0.044,51,172,0.9964,3.16,0.44,9.2,5
7.2,0.24,0.19,7.7,0.045,53,176,0.9958,3.17,0.38,9.5,5
5.3,0.76,0.03,2.7,0.043,27,93,0.9932,3.34,0.38,9.2,5
6.6,0.22,0.53,15.1,0.052,22,136,0.9986,2.94,0.35,9.4,5
6.6,0.22,0.53,15.1,0.052,22,136,0.9986,2.94,0.35,9.4,5
8.4,0.28,0.4,8.9,0.048,33,146,0.9988,3.4,0.46,9.3,5
6.8,0.32,0.34,6,0.05,5,129,0.9953,3.19,0.4,9.1,5
6.7,0.24,0.33,12.3,0.046,31,145,0.9983,3.36,0.4,9.5,5
7.4,0.18,0.36,13.1,0.056,72,163,1,3.42,0.35,9.1,6
6,0.16,0.3,6.7,0.043,43,153,0.9951,3.63,0.46,10.6,5
6.7,0.24,0.33,12.3,0.046,31,145,0.9983,3.36,0.4,9.5,5
6.8,0.28,0.35,2.3,0.042,16,85,0.9906,3.19,0.56,12.4,6
6.2,0.34,0.3,11.1,0.047,28,237,0.9981,3.18,0.49,8.7,5
6,0.27,0.15,1.5,0.056,35,128,0.9936,3.12,0.45,8.8,5
6,0.16,0.3,6.7,0.043,43,153,0.9951,3.63,0.46,10.6,5
6.8,0.32,0.34,6,0.05,5,129,0.9953,3.19,0.4,9.1,5
8.5,0.24,0.47,15.2,0.057,40,234,1.0005,3.02,0.66,9,5
8.1,0.24,0.33,10.2,0.048,46,141,0.9972,3.16,0.48,10.3,6
7.4,0.18,0.36,13.1,0.056,72,163,1,3.42,0.35,9.1,6
7.7,0.23,0.31,10.7,0.038,59,186,0.9969,3.12,0.55,9.5,6
6.5,0.22,0.25,17.1,0.05,44,138,1.0001,3.3,0.37,8.8,5
6.5,0.22,0.25,17.1,0.05,44,138,1.0001,3.3,0.37,8.8,5
6.5,0.22,0.25,17.1,0.05,44,138,1.0001,3.3,0.37,8.8,5
5.7,0.33,0.15,1.9,0.05,20,93,0.9934,3.38,0.62,9.9,5
7.7,0.23,0.31,10.7,0.038,59,186,0.9969,3.12,0.55,9.5,6
6.5,0.22,0.25,17.1,0.05,44,138,1.0001,3.3,0.37,8.8,5
6.8,0.2,0.27,1.2,0.034,19,68,0.9902,3.14,0.37,11.7,4
7.7,0.26,0.32,1.2,0.04,26,117,0.993,3.21,0.56,10.8,5
6.4,0.2,0.32,3.1,0.041,18,126,0.9914,3.43,0.42,12,6
8,0.16,0.36,1.5,0.033,14,122,0.9941,3.2,0.39,10.3,4
6.8,0.25,0.27,10.7,0.076,47,154,0.9967,3.05,0.38,9,5
7.7,0.39,0.28,4.9,0.035,36,109,0.9918,3.19,0.58,12.2,7
6.9,0.26,0.33,12.6,0.051,59,173,0.998,3.39,0.38,9.9,5
6.8,0.25,0.27,10.7,0.076,47,154,0.9967,3.05,0.38,9,5
7.7,0.39,0.28,4.9,0.035,36,109,0.9918,3.19,0.58,12.2,7
6,0.28,0.22,12.15,0.048,42,163,0.9957,3.2,0.46,10.1,5
6.5,0.43,0.28,12,0.056,23,174,0.9986,3.31,0.55,9.3,5
9.1,0.33,0.38,1.7,0.062,50.5,344,0.9958,3.1,0.7,9.5,5
5.9,0.5,0.05,2.6,0.054,36,146,0.9948,3.43,0.5,9.2,6
6.8,0.28,0.39,1.4,0.036,15,115,0.9918,3.27,0.72,11.7,5
7,0.35,0.24,1.9,0.04,21,144,0.9923,3.35,0.38,11,5
7.1,0.22,0.32,16.9,0.056,49,158,0.9998,3.37,0.38,9.6,6
7.1,0.22,0.32,16.9,0.056,49,158,0.9998,3.37,0.38,9.6,6
8.3,0.24,0.27,2.1,0.03,22,162,0.9914,2.99,0.68,11.9,6
6.8,0.26,0.32,7,0.041,38,118,0.9939,3.25,0.52,10.8,6
7.2,0.16,0.26,7.1,0.054,41,224,0.9966,3.38,0.55,10.1,5
7.9,0.18,0.36,5.9,0.058,31,132,0.995,3.25,0.52,10.9,6
7.2,0.16,0.26,7.1,0.054,41,224,0.9966,3.38,0.55,10.1,5
5.5,0.24,0.32,8.7,0.06,19,102,0.994,3.27,0.31,10.4,5
7.1,0.33,0.64,13.2,0.056,12,105,0.9972,3.05,0.39,9.2,5
7.7,0.28,0.35,15.3,0.056,31,117,0.9998,3.27,0.5,9.6,5
7.7,0.28,0.35,15.3,0.056,31,117,0.9998,3.27,0.5,9.6,5
7.5,0.26,0.52,13.2,0.047,64,179,0.9982,3.1,0.46,9,5
6.5,0.14,0.32,2.7,0.037,18,89,0.9924,3.4,0.74,11.5,7
8.2,0.21,0.32,10.65,0.053,53,145,0.9972,3.17,0.48,10.2,6
7.2,0.2,0.31,10,0.054,49,165,0.997,3.4,0.42,9.9,6
7.2,0.115,0.3,6.8,0.056,26,105,0.9954,3.44,0.4,9.6,6
6.4,0.29,0.2,15.6,0.04,20,142,0.9962,3.1,0.54,10.6,5
7.1,0.33,0.64,13.2,0.056,12,105,0.9972,3.05,0.39,9.2,5
6.8,0.24,0.34,5.1,0.038,31,99,0.9921,3.24,0.46,11.8,6
7,0.24,0.34,3,0.035,36,102,0.9905,3.18,0.43,12.2,6
7.7,0.28,0.35,15.3,0.056,31,117,0.9998,3.27,0.5,9.6,5
7,0.22,0.33,2.1,0.052,15,76,0.993,3.2,0.41,10.6,6
7.5,0.18,0.39,1.9,0.054,23,91,0.9941,3.27,0.45,10.3,6
9.8,0.93,0.45,8.6,0.052,34,187,0.9994,3.12,0.59,10.2,4
7.8,0.29,0.33,8.75,0.035,33,181,0.9962,3.11,0.46,10.7,5
7.9,0.28,0.32,3.6,0.038,9,76,0.992,3.05,0.31,11.7,4
8.5,0.25,0.27,4.7,0.031,31,92,0.9922,3.01,0.33,12,6
7.4,0.18,0.27,1.3,0.048,26,105,0.994,3.52,0.66,10.6,6
6.3,0.24,0.37,1.8,0.031,6,61,0.9897,3.3,0.34,12.2,4
6,0.33,0.38,9.7,0.04,29,124,0.9954,3.47,0.48,11,6
6.8,0.37,0.28,4,0.03,29,79,0.99,3.23,0.46,12.4,7
9.9,0.49,0.23,2.4,0.087,19,115,0.9948,2.77,0.44,9.4,6
8.5,0.25,0.27,4.7,0.031,31,92,0.9922,3.01,0.33,12,6
8.4,0.22,0.28,18.8,0.028,55,130,0.998,2.96,0.35,11.6,5
7,0.35,0.31,1.8,0.069,15,162,0.9944,3.18,0.47,9.4,5
7,0.35,0.31,1.8,0.069,15,162,0.9944,3.18,0.47,9.4,5
7.4,0.19,0.3,12.8,0.053,48.5,229,0.9986,3.14,0.49,9.1,7
7.4,0.19,0.3,12.8,0.053,48.5,229,0.9986,3.14,0.49,9.1,7
7.4,0.19,0.3,12.8,0.053,48.5,229,0.9986,3.14,0.49,9.1,7
7.4,0.19,0.3,12.8,0.053,48.5,229,0.9986,3.14,0.49,9.1,7
7.4,0.19,0.3,12.8,0.053,48.5,229,0.9986,3.14,0.49,9.1,7
6.9,0.32,0.13,7.8,0.042,11,117,0.996,3.23,0.37,9.2,5
7.6,0.32,0.58,16.75,0.05,43,163,0.9999,3.15,0.54,9.2,5
7.4,0.19,0.3,12.8,0.053,48.5,229,0.9986,3.14,0.49,9.1,7
7.4,0.19,0.3,12.8,0.053,48.5,212,0.9986,3.14,0.49,9.1,7
6.9,0.32,0.13,7.8,0.042,11,117,0.996,3.23,0.37,9.2,5
6,0.34,0.24,5.4,0.06,23,126,0.9951,3.25,0.44,9,7
7.6,0.32,0.58,16.75,0.05,43,163,0.9999,3.15,0.54,9.2,5
7.7,0.24,0.31,1.3,0.047,33,106,0.993,3.22,0.55,10.8,6
8,0.36,0.43,10.1,0.053,29,146,0.9982,3.4,0.46,9.5,6
7.4,0.29,0.25,3.8,0.044,30,114,0.992,3.11,0.4,11,6
6.6,0.32,0.27,10.9,0.041,37,146,0.9963,3.24,0.47,10,5
6.3,0.3,0.24,6.6,0.04,38,141,0.995,3.22,0.47,9.5,5
6.4,0.33,0.24,9.8,0.041,29,109,0.9956,3.29,0.47,10.1,6
7.5,0.18,0.31,11.7,0.051,24,94,0.997,3.19,0.44,9.5,7
6.5,0.39,0.81,1.2,0.217,14,74,0.9936,3.08,0.53,9.5,5
6.8,0.25,0.18,1.4,0.056,13,137,0.9935,3.11,0.42,9.5,5
6.4,0.18,0.32,9.6,0.052,24,90,0.9963,3.35,0.49,9.4,6
7.1,0.18,0.32,12.2,0.048,36,125,0.9967,2.92,0.54,9.4,6
7.6,0.27,0.42,2.6,0.044,29,110,0.9912,3.31,0.51,12.7,6
9.2,0.23,0.35,10.7,0.037,34,145,0.9981,3.09,0.32,9.7,5
7.9,0.28,0.41,4.9,0.058,31,153,0.9966,3.27,0.51,9.7,6
7.1,0.18,0.32,12.2,0.048,36,125,0.9967,2.92,0.54,9.4,6
6.4,0.18,0.32,9.6,0.052,24,90,0.9963,3.35,0.49,9.4,6
6.8,0.25,0.18,1.4,0.056,13,137,0.9935,3.11,0.42,9.5,5
7,0.22,0.26,1.1,0.037,20,71,0.9902,3.1,0.38,11.7,6
7.3,0.18,0.29,1,0.036,26,101,0.99,3.09,0.37,11.7,6
7.1,0.26,0.19,8.2,0.051,53,187,0.996,3.16,0.52,9.7,5
6.6,0.25,0.42,11.3,0.049,77,231,0.9966,3.24,0.52,9.5,6
6.4,0.24,0.23,7.3,0.069,31,157,0.9962,3.25,0.53,9.1,5
6,0.28,0.27,2.3,0.051,23,147,0.994,3.23,0.67,10.3,6
7.1,0.26,0.19,8.2,0.051,53,187,0.996,3.16,0.52,9.7,5
7.8,0.24,0.38,2.1,0.058,14,167,0.994,3.21,0.55,9.9,5
7.6,0.27,0.33,2,0.059,19,175,0.9944,3.22,0.56,9.9,5
7.7,0.39,0.34,10,0.056,35,178,0.9974,3.26,0.6,10.2,5
8.9,0.24,0.33,15.75,0.035,16,132,0.996,3,0.37,12.1,6
6.6,0.23,0.24,3.9,0.045,36,138,0.9922,3.15,0.64,11.3,7
7.1,0.26,0.3,2,0.031,13,128,0.9917,3.19,0.49,11.4,5
7,0.32,0.35,1.5,0.039,24,125,0.9918,3.17,0.64,12.2,6
7.4,0.24,0.26,1.6,0.058,53,150,0.9936,3.18,0.5,9.9,7
6.9,0.21,0.33,1.4,0.056,35,136,0.9938,3.63,0.78,10.3,6
7,0.32,0.35,1.5,0.039,24,125,0.9918,3.17,0.64,12.2,6
7.4,0.17,0.29,1.4,0.047,23,107,0.9939,3.52,0.65,10.4,6
7.1,0.26,0.3,2,0.031,13,128,0.9917,3.19,0.49,11.4,5
8.5,0.28,0.34,13.8,0.041,32,161,0.9981,3.13,0.4,9.9,6
7.8,0.3,0.37,1.3,0.051,16,96,0.9941,3.32,0.62,10,5
8.1,0.25,0.38,3.8,0.051,18,129,0.9928,3.21,0.38,11.5,6
7.7,0.28,0.29,6.9,0.041,29,163,0.9952,3.44,0.6,10.5,6
6.5,0.24,0.36,2.2,0.027,36,134,0.9898,3.28,0.36,12.5,7
7,0.22,0.32,1.6,0.045,40,120,0.9914,2.98,0.44,10.5,6
8.5,0.28,0.34,13.8,0.041,32,161,0.9981,3.13,0.4,9.9,6
8,0.45,0.28,10.8,0.051,25,157,0.9957,3.06,0.47,11.4,7
6.9,0.23,0.33,12.8,0.056,44,169,0.998,3.42,0.42,9.8,6
8,0.45,0.28,10.8,0.051,25,157,0.9957,3.06,0.47,11.4,7
7.6,0.23,0.26,15.3,0.067,32,166,0.9986,3.03,0.44,9.2,4
7.7,0.28,0.58,12.1,0.046,60,177,0.9983,3.08,0.46,8.9,5
7.7,0.27,0.61,12,0.046,64,179,0.9982,3.07,0.46,8.9,5
7.1,0.2,0.36,11.6,0.042,45,124,0.997,2.92,0.59,9.5,7
6.9,0.25,0.35,9.2,0.034,42,150,0.9947,3.21,0.36,11.5,6
7.1,0.2,0.36,11.6,0.042,45,124,0.997,2.92,0.59,9.5,7
6.9,0.25,0.35,9.2,0.034,42,150,0.9947,3.21,0.36,11.5,6
8.4,0.2,0.31,2.8,0.054,16,89,0.99416,2.96,0.45,9.5,6
6.5,0.39,0.35,1.6,0.049,10,164,0.99516,3.35,0.51,9.7,5
7.2,0.23,0.38,6.1,0.067,20,90,0.99496,3.17,0.79,9.7,5
6.9,0.44,0.42,8.5,0.048,10,147,0.9974,3.32,0.46,9.5,6
7.1,0.28,0.19,7.8,0.04,48,184,0.99579,3.16,0.5,9.4,5
6.4,0.34,0.2,14.9,0.06,37,162,0.9983,3.13,0.45,9,4
6.1,0.15,0.29,6.2,0.046,39,151,0.99471,3.6,0.44,10.6,6
6.9,0.44,0.42,8.5,0.048,10,147,0.9974,3.32,0.46,9.5,6
7.2,0.29,0.18,8.2,0.042,41,180,0.99644,3.16,0.49,9.1,5
7.1,0.28,0.19,7.8,0.04,48,184,0.99579,3.16,0.5,9.4,5
6.1,0.23,0.45,10.6,0.094,49,169,0.99699,3.05,0.54,8.8,5
6.7,0.23,0.42,11.2,0.047,52,171,0.99758,3.54,0.74,10.4,5
7,0.36,0.14,11.6,0.043,35,228,0.9977,3.13,0.51,8.9,5
7.5,0.31,0.24,7.1,0.031,28,141,0.99397,3.16,0.38,10.6,7
6.4,0.34,0.2,14.9,0.06,37,162,0.9983,3.13,0.45,9,4
6.1,0.15,0.29,6.2,0.046,39,151,0.99471,3.6,0.44,10.6,6
7.4,0.2,0.29,1.7,0.047,16,100,0.99243,3.28,0.45,10.6,6
6.3,0.27,0.18,7.7,0.048,45,186,0.9962,3.23,0.47,9,5
9.2,0.34,0.54,17.3,0.06,46,235,1.00182,3.08,0.61,8.8,6
7.4,0.18,0.29,1.4,0.042,34,101,0.99384,3.54,0.6,10.5,7
7.2,0.29,0.2,7.7,0.046,51,174,0.99582,3.16,0.52,9.5,5
6.3,0.27,0.18,7.7,0.048,45,186,0.9962,3.23,0.47,9,5
6.2,0.26,0.19,3.4,0.049,47,172,0.9924,3.14,0.43,10.4,6
7.3,0.21,0.21,1.6,0.046,35,133,0.99466,3.38,0.46,10,6
7.1,0.14,0.35,1.4,0.039,24,128,0.99212,2.97,0.68,10.4,5
7.2,0.39,0.54,1.4,0.157,34,132,0.99449,3.11,0.53,9,6
7.6,0.48,0.28,10.4,0.049,57,205,0.99748,3.24,0.45,9.3,5
7.2,0.39,0.54,1.4,0.157,34,132,0.99449,3.11,0.53,9,6
7.6,0.48,0.28,10.4,0.049,57,205,0.99748,3.24,0.45,9.3,5
6.5,0.36,0.31,4.1,0.061,20,134,0.99475,3.18,0.45,9,6
8.5,0.25,0.31,2.8,0.032,11,61,0.99189,3.06,0.44,11.5,6
6.9,0.3,0.21,15.7,0.056,49,159,0.99827,3.11,0.48,9,5
6.6,0.19,0.43,10.9,0.045,53,154,0.99752,3.52,0.77,10.4,6
6.9,0.3,0.21,15.7,0.056,49,159,0.99827,3.11,0.48,9,5
9.4,0.42,0.32,6.5,0.027,20,167,0.99479,3.08,0.43,10.6,5
6.6,0.19,0.43,10.9,0.045,53,154,0.99752,3.52,0.77,10.4,6
6.3,0.2,0.3,5.9,0.034,35,152,0.99642,3.47,0.4,8.5,6
8.5,0.19,0.56,17.3,0.055,47,169,1.00047,3.07,0.67,9.3,6
7.3,0.19,0.25,1.4,0.051,41,107,0.99382,3.53,0.66,10.5,7
6.7,0.25,0.26,13.5,0.06,50,156,0.99784,3.39,0.46,9.9,6
6.2,0.25,0.28,8.5,0.035,28,108,0.99486,3.4,0.42,10.4,6
6.1,0.46,0.32,6.2,0.053,10,94,0.99537,3.35,0.47,10.1,5
7.3,0.19,0.25,1.4,0.051,41,107,0.99382,3.53,0.66,10.5,7
7.5,0.29,0.26,14.95,0.067,47,178,0.99838,3.04,0.49,9.2,4
6.7,0.31,0.18,7.7,0.043,57,200,0.99566,3.17,0.44,9.4,6
7.4,0.14,0.3,1.3,0.033,25,91,0.99268,3.53,0.39,10.6,6
6.7,0.31,0.18,7.7,0.043,57,200,0.99566,3.17,0.44,9.4,6
7.1,0.4,0.52,1.3,0.148,45,149,0.99468,3.08,0.56,8.7,5
6.4,0.16,0.25,1.3,0.047,20,77,0.9933,3.61,0.54,10.2,6
6.3,0.16,0.22,1.3,0.046,18,66,0.99307,3.61,0.55,10.3,6
7.4,0.33,0.26,15.6,0.049,67,210,0.99907,3.06,0.68,9.5,5
7.4,0.33,0.26,15.6,0.049,67,210,0.99907,3.06,0.68,9.5,5
7.4,0.33,0.26,15.6,0.049,67,210,0.99907,3.06,0.68,9.5,5
7.4,0.33,0.26,15.6,0.049,67,210,0.99907,3.06,0.68,9.5,5
6.6,0.41,0.24,4.9,0.158,47,144,0.99471,3.17,0.49,9.4,5
6.7,0.43,0.23,5,0.157,49,145,0.99471,3.17,0.49,9.4,5
7.4,0.33,0.26,15.6,0.049,67,210,0.99907,3.06,0.68,9.5,5
7.3,0.4,0.28,6.5,0.037,26,97,0.99148,3.16,0.58,12.6,7
7.4,0.18,0.24,1.4,0.047,21,106,0.99383,3.52,0.64,10.5,7
8.6,0.17,0.28,2.7,0.047,38,150,0.99365,3.1,0.56,10.8,6
6.5,0.32,0.23,1.2,0.054,39,208,0.99272,3.18,0.46,9.9,6
7.3,0.4,0.28,6.5,0.037,26,97,0.99148,3.16,0.58,12.6,7
7,0.32,0.31,6.4,0.031,38,115,0.99235,3.38,0.58,12.2,7
7.5,0.42,0.19,6.9,0.041,62,150,0.99508,3.23,0.37,10,6
6.9,0.28,0.31,7.2,0.04,47,168,0.9946,3.29,0.57,10.6,7
6.5,0.29,0.42,10.6,0.042,66,202,0.99674,3.24,0.53,9.5,6
6.3,0.41,0.18,3.5,0.027,23,109,0.99018,3.34,0.54,12.8,8
7,0.32,0.31,6.4,0.031,38,115,0.99235,3.38,0.58,12.2,7
7.3,0.3,0.33,2.3,0.043,28,125,0.99084,3.34,0.44,12.6,7
6.6,0.22,0.28,12.05,0.058,25,125,0.99856,3.45,0.45,9.4,5
6,0.26,0.18,7,0.055,50,194,0.99591,3.21,0.43,9,5
6.9,0.44,0.18,11.8,0.051,26,126,0.9975,3.23,0.48,9.1,5
7.5,0.42,0.2,1.4,0.06,15,168,0.9944,3.06,0.4,9.4,6
7,0.36,0.3,5,0.04,40,143,0.99173,3.33,0.42,12.2,7
5.6,0.295,0.2,2.2,0.049,18,134,0.99378,3.21,0.68,10,5
6.8,0.21,0.55,14.6,0.053,34,159,0.99805,2.93,0.44,9.2,5
9.4,0.28,0.3,1.6,0.045,36,139,0.99534,3.11,0.49,9.3,5
8.1,0.28,0.34,1.3,0.035,11,126,0.99232,3.14,0.5,9.8,6
6.8,0.21,0.55,14.6,0.053,34,159,0.99805,2.93,0.44,9.2,5
7,0.22,0.26,2.8,0.036,44,132,0.99078,3.34,0.41,12,7
9.4,0.28,0.3,1.6,0.045,36,139,0.99534,3.11,0.49,9.3,5
6.8,0.32,0.3,3.3,0.029,15,80,0.99061,3.33,0.63,12.6,7
7,0.19,0.33,6.3,0.032,42,127,0.99182,3.31,0.38,12.2,6
7.7,0.42,0.38,8.1,0.061,49,144,0.9966,3.4,0.58,11,6
7.4,0.2,0.31,1.6,0.038,34,116,0.9912,3.25,0.39,12,7
7.5,0.24,0.62,10.6,0.045,51,153,0.99779,3.16,0.44,8.8,5
7.5,0.26,0.59,11.8,0.046,58,164,0.99814,3.17,0.46,8.9,4
6.6,0.4,0.32,1.7,0.035,39,84,0.99096,3.59,0.48,12.7,7
8,0.2,0.3,8.1,0.037,42,130,0.99379,3.1,0.67,11.8,6
4.6,0.445,0,1.4,0.053,11,178,0.99426,3.79,0.55,10.2,5
6.1,0.41,0.04,1.3,0.036,23,121,0.99228,3.24,0.61,9.9,6
7.6,0.2,0.34,1.8,0.041,42,148,0.99335,3.35,0.66,11.1,6
6.9,0.3,0.21,7.2,0.045,54,190,0.99595,3.22,0.48,9.4,5
7,0.35,0.17,1.1,0.049,7,119,0.99297,3.13,0.36,9.7,6
6.9,0.35,0.55,11.95,0.038,22,111,0.99687,3.11,0.29,9.7,5
7,0.35,0.17,1.1,0.049,7,119,0.99297,3.13,0.36,9.7,6
6.9,0.35,0.55,11.95,0.038,22,111,0.99687,3.11,0.29,9.7,5
7.6,0.3,0.4,2.2,0.054,29,175,0.99445,3.19,0.53,9.8,5
7.5,0.38,0.29,12.7,0.05,25,209,0.9986,3.25,0.59,9.3,6
7.5,0.3,0.32,1.4,0.032,31,161,0.99154,2.95,0.42,10.5,5
6.3,0.4,0.32,10.6,0.049,38,209,0.9981,3.47,0.59,9.3,6
6.8,0.37,0.28,1.9,0.024,64,106,0.98993,3.45,0.6,12.6,8
7.5,0.23,0.35,17.8,0.058,128,212,1.00241,3.44,0.43,8.9,5
8.3,0.27,0.34,10.2,0.048,50,118,0.99716,3.18,0.51,10.3,5
6.8,0.26,0.22,4.8,0.041,110,198,0.99437,3.29,0.67,10.6,5
6.5,0.28,0.35,9.8,0.067,61,180,0.9972,3.15,0.57,9,4
7.2,0.34,0.3,8.4,0.051,40,167,0.99756,3.48,0.62,9.7,5
7,0.23,0.26,7.2,0.041,21,90,0.99509,3.22,0.55,9.5,6
7.7,0.29,0.29,4.8,0.06,27,156,0.99572,3.49,0.59,10.3,6
7.2,0.34,0.3,8.4,0.051,40,167,0.99756,3.48,0.62,9.7,5
7.7,0.4,0.27,4.5,0.034,27,95,0.99175,3.21,0.59,12.3,8
6.7,0.17,0.27,1.4,0.032,39,149,0.99254,3.4,0.52,10.5,5
7,0.23,0.26,7.2,0.041,21,90,0.99509,3.22,0.55,9.5,6
8.1,0.24,0.26,11,0.043,41,211,0.99676,3.11,0.49,10,6
7.7,0.28,0.63,11.1,0.039,58,179,0.9979,3.08,0.44,8.8,4
7.5,0.23,0.29,2.6,0.031,24,98,0.99194,3,0.54,10.9,6
8.3,0.26,0.31,2,0.029,14,141,0.99077,2.95,0.77,12.2,6
7.9,0.46,0.4,10.1,0.168,19,184,0.99782,3.06,0.62,9.5,5
7.9,0.31,0.22,13.3,0.048,46,212,0.99942,3.47,0.59,10,5
7.9,0.25,0.34,11.4,0.04,53,202,0.99708,3.11,0.57,9.6,6
6.1,0.28,0.16,1.3,0.06,36,126,0.99353,3.13,0.46,8.7,6
7,0.18,0.26,1.4,0.044,46,89,0.99256,3.39,0.48,10.7,7
6.5,0.21,0.28,1.4,0.046,26,66,0.99199,3.43,0.48,11.1,6
7.6,0.48,0.33,7,0.024,14,130,0.9918,3.25,0.45,12.5,7
7.1,0.34,0.32,2,0.051,29,130,0.99354,3.3,0.5,10.4,6
8.9,0.21,0.37,1.2,0.028,20,93,0.99244,3.2,0.37,11.5,5
7.4,0.32,0.27,12.9,0.04,60,221,0.99831,3.05,0.66,9.4,5
6,0.495,0.27,5,0.157,17,129,0.99396,3.03,0.36,9.3,5
8.1,0.25,0.34,10.1,0.05,30,121,0.99724,3.17,0.49,10.1,6
8.2,0.25,0.46,3.75,0.05,14,102,0.99524,3.28,0.58,9.7,5
6.5,0.18,0.29,1.7,0.035,39,144,0.9927,3.49,0.5,10.5,6
6.7,0.24,0.26,12.6,0.053,44,182,0.99802,3.42,0.42,9.7,5
6.6,0.32,0.24,1.3,0.06,42.5,204,0.99512,3.59,0.51,9.2,5
7.6,0.32,0.35,1.6,0.092,24,138,0.99438,3.19,0.44,9.8,5
7.4,0.33,0.44,7.6,0.05,40,227,0.99679,3.12,0.52,9,5
7.2,0.3,0.3,8.1,0.05,40,188,0.99652,3.15,0.49,9.1,6
7.4,0.34,0.3,14.9,0.037,70,169,0.99698,3.25,0.37,10.4,6
6.1,0.16,0.29,6,0.03,29,144,0.99474,3.68,0.46,10.7,6
6.3,0.1,0.24,6,0.039,25,107,0.99511,3.59,0.49,10.5,7
6.2,0.45,0.73,7.2,0.099,47,202,0.99582,3.21,0.43,9.2,5
6,0.33,0.18,3,0.036,5,85,0.99125,3.28,0.4,11.5,4
7.6,0.48,0.37,1.2,0.034,5,57,0.99256,3.05,0.54,10.4,3
7.2,0.2,0.3,2,0.039,43,188,0.9911,3.3,0.41,12,6
7,0.32,0.29,4.9,0.036,41,150,0.99168,3.38,0.43,12.2,6
7.2,0.2,0.3,2,0.039,43,188,0.9911,3.3,0.41,12,6
7,0.22,0.29,8.9,0.05,24,90,0.99556,3.29,0.46,9.8,6
9.4,0.23,0.56,16.45,0.063,52.5,282,1.00098,3.1,0.51,9.3,5
6.4,0.27,0.19,2,0.084,21,191,0.99516,3.49,0.63,9.6,4
6.4,0.27,0.19,1.9,0.085,21,196,0.99516,3.49,0.64,9.5,4
7,0.23,0.42,5.1,0.042,37,144,0.99518,3.5,0.59,10.2,6
6.9,0.15,0.28,4.4,0.029,14,107,0.99347,3.24,0.46,10.4,8
6.7,0.26,0.29,5.8,0.025,26,74,0.9929,3.28,0.53,11,6
6.9,0.15,0.28,4.4,0.029,14,107,0.99347,3.24,0.46,10.4,8
7.6,0.2,0.68,12.9,0.042,56,160,0.99841,3.05,0.41,8.7,5
6.9,0.3,0.29,1.3,0.053,24,189,0.99362,3.29,0.54,9.9,4
6.9,0.3,0.3,1.3,0.053,24,186,0.99361,3.29,0.54,9.9,4
7.6,0.21,0.35,1.2,0.041,7,106,0.9914,3.06,0.45,11.3,4
6.8,0.46,0.26,2.7,0.042,28,83,0.99114,3.38,0.51,12,8
7,0.28,0.26,1.7,0.042,34,130,0.9925,3.43,0.5,10.7,8
6.5,0.24,0.29,8.2,0.043,32,156,0.99453,3.13,0.7,10.1,6
6.4,0.17,0.34,1.5,0.091,42,135,0.9938,3.25,0.49,9.6,7
6.4,0.17,0.34,1.5,0.093,43,136,0.9938,3.25,0.49,9.6,6
6.3,0.695,0.55,12.9,0.056,58,252,0.99806,3.29,0.49,8.7,5
7,0.27,0.29,3.9,0.059,28,199,0.9961,3.54,0.59,10.3,5
8.4,0.3,0.25,17.75,0.047,25,218,1.00016,2.98,0.66,9.1,5
6.5,0.19,0.27,4.9,0.037,13,101,0.9916,3.17,0.41,11.8,6
8,0.36,0.39,1.6,0.024,26,93,0.99116,3.15,0.49,11.9,6
6.1,0.16,0.24,1.4,0.046,17,77,0.99319,3.66,0.57,10.3,6
9.2,0.19,0.42,2,0.047,16,104,0.99517,3.09,0.66,10,4
9.2,0.16,0.49,2,0.044,18,107,0.99514,3.1,0.53,10.2,4
8,0.26,0.28,8.2,0.038,72,202,0.99566,3.12,0.56,10,6
8.8,0.33,0.36,2.1,0.034,19,125,0.99166,2.96,0.98,12.7,6
9.8,0.16,0.46,1.8,0.046,23,130,0.99587,3.04,0.67,9.6,5
6.6,0.23,0.18,8.5,0.044,59,188,0.99558,3.16,0.49,9.5,5
7.9,0.44,0.26,4.45,0.033,23,100,0.99117,3.17,0.52,12.7,6
7.6,0.31,0.27,5.8,0.036,23,109,0.99399,3.34,0.54,11,6
7.5,0.705,0.1,13,0.044,44,214,0.99741,3.1,0.5,9.1,5
7.1,0.21,0.28,2.7,0.034,23,111,0.99405,3.35,0.64,10.2,4
7,0.16,0.26,7.3,0.047,30,220,0.99622,3.38,0.58,10.1,6
8,0.27,0.25,19.1,0.045,50,208,1.00051,3.05,0.5,9.2,6
6.3,0.38,0.17,8.8,0.08,50,212,0.99803,3.47,0.66,9.4,4
7.1,0.21,0.28,2.7,0.034,23,111,0.99405,3.35,0.64,10.2,4
6.2,0.38,0.18,7.4,0.095,28,195,0.99773,3.53,0.71,9.2,4
8.2,0.24,0.3,2.3,0.05,23,106,0.99397,2.98,0.5,10,5
7,0.16,0.26,6.85,0.047,30,220,0.99622,3.38,0.58,10.1,6
7.3,0.815,0.09,11.4,0.044,45,204,0.99713,3.15,0.46,9,5
6.3,0.41,0.16,0.9,0.032,25,98,0.99274,3.16,0.42,9.5,5
6.1,0.36,0.41,19.35,0.07,67,207,1.00118,3.39,0.53,9.1,5
8.1,0.4,0.32,7.9,0.031,23,118,0.99176,3.05,0.46,13.3,7
6.8,0.26,0.43,11.75,0.045,53,198,0.9969,3.26,0.55,9.5,5
6.2,0.44,0.18,7.7,0.096,28,210,0.99771,3.56,0.72,9.2,5
